[
  {
    "id": "3636650070956277",
    "quality": {
      "A": {
        "2": 0.15,
        "1": 0.25,
        "0": 0.3,
        "-1": 0.2,
        "-2": 0.1
      },
      "S": {
        "2": 0.25,
        "1": 0.15,
        "0": 0.3,
        "-1": 0.2,
        "-2": 0.1
      },
      "E": {
        "2": 0.2,
        "1": 0.3,
        "0": 0.25,
        "-1": 0.1,
        "-2": 0.15
      }
    },
    "nugget": [
      {
        "CNUG0": 0.2,
        "CNUG": 0.5,
        "CNUG*": 0.2,
        "CNaN": 0.1
      },
      {
        "HNUG": 0.6,
        "HNUG*": 0.3,
        "HNaN": 0.1
      }
    ]
  },
  {
    "id": "3769706563889579",
    "quality": {
      "A": {
        "2": 0.45,
        "1": 0.1,
        "0": 0.2,
        "-1": 0.15,
        "-2": 0.1
      },
      "S": {
        "2": 0.3,
        "1": 0.2,
        "0": 0.25,
        "-1": 0.15,
        "-2": 0.1
      },
      "E": {
        "2": 0.1,
        "1": 0.15,
        "0": 0.2,
        "-1": 0.45,
        "-2": 0.1
      }
    },
    "nugget": [
      {
        "CNUG0": 0.05,
        "CNUG": 0.75,
        "CNUG*": 0.05,
        "CNaN": 0.15
      },
      {
        "HNUG": 0.1,
        "HNUG*": 0.3,
        "HNaN": 0.6
      },
      {
        "CNUG0": 0.1,
        "CNUG": 0.2,
        "CNUG*": 0.2,
        "CNaN": 0.5
      },
      {
        "HNUG": 0.3,
        "HNUG*": 0.6,
        "HNaN": 0.1
      },
      {
        "CNUG0": 0.1,
        "CNUG": 0.2,
        "CNUG*": 0.5,
        "CNaN": 0.2
      },
      {
        "HNUG": 0.3,
        "HNUG*": 0.4,
        "HNaN": 0.3
      }
    ]
  }
]