[
  {
    "id": "123456",
    "quality": {
      "A": {
        "2": 0.8,
        "1": 0.05,
        "0": 0.05,
        "-1": 0.05,
        "-2": 0.05
      },
      "S": {
        "2": 0.05,
        "1": 0.80,
        "0": 0.05,
        "-1": 0.05,
        "-2": 0.05
      },
      "E": {
        "2": 0.8,
        "1": 0.05,
        "0": 0.05,
        "-1": 0.05,
        "-2": 0.05
      }
    },
    "nugget": [
      {
        "CNUG0": 0.1,
        "CNUG": 0.8,
        "CNUG*": 0.05,
        "CNaN": 0.05
      },
      {
        "HNUG": 0.1,
        "HNUG*": 0.85,
        "HNaN": 0.05
      }
    ]
  },
  {
    "id": "123457",
    "quality": {
      "A": {
        "2": 0.8,
        "1": 0.05,
        "0": 0.05,
        "-1": 0.05,
        "-2": 0.05
      },
      "S": {
        "2": 0.8,
        "1": 0.05,
        "0": 0.05,
        "-1": 0.05,
        "-2": 0.05
      },
      "E": {
        "2": 0.8,
        "1": 0.05,
        "0": 0.05,
        "-1": 0.05,
        "-2": 0.05
      }
    },
    "nugget": [
      {
        "CNUG0": 0.1,
        "CNUG": 0.8,
        "CNUG*": 0.05,
        "CNaN": 0.05
      },
      {
        "HNUG": 0.1,
        "HNUG*": 0.85,
        "HNaN": 0.05
      }
    ]
  }
]